{
	"definitions": [
		// 0.  LV
		{
			"index": 0,
			"startColor": "#3D3934",
			"endColor": "#4A4641",
			"bgStartColor": "#6D6963-v100",
			"bgEndColor": "#79756F-v80",
			"selectors": ["^LV", "%LV"]
		},
		// 1. MV
		{
			"index": 1,
			"startColor": "#FF446265-v25",
			"endColor": "#FF8FB7CC-v30",
			"bgStartColor": "#446265-v100",
			"bgEndColor": "#F88FB7CC-v75",
			"selectors": ["^MV", "%MV"]
		},
		// 2. HV
		{
			"index": 2,
			"startColor": "#FF737383-v25",
			"endColor": "#FFEAEAFA-v30",
			"bgStartColor": "#737383-v100",
			"bgEndColor": "#F8EAEAFA-v75",
			"selectors": ["^HV", "%HV"]
		},
		// 3. EV
		{
			"index": 3,
			"startColor": "#FF6B5F70-v25",
			"endColor": "#FFB392BE-v30",
			"bgStartColor": "#6B5F70-v100",
			"bgEndColor": "#F8B392BE-v75",
			"selectors": ["^EV", "%EV"]
		},
		// 4.  IV
		{
			"index": 4,
			"startColor": "#FF415287-v25",
			"endColor": "#FF415287-v30",
			"bgStartColor": "#0A121F-v100",
			"bgEndColor": "#F8415287-v80",
			"selectors": ["^IV", "%IV"]
		},
		// 5. LUV
		{
			"index": 5,
			"startColor": "#FF755279-v25",
			"endColor": "#FF755279-v30",
			"bgStartColor": "#2B0B15-v100",
			"bgEndColor": "#F8755279-v75",
			"selectors": ["^LuV", "%LuV"]
		},
		// 6. ZPM
		{
			"index": 6,
			"startColor": "#FF41305C-v25",
			"endColor": "#FF9386A8-v30",
			"bgStartColor": "#09080D-v100",
			"bgEndColor": "#F82E2931-v75",
			"selectors": ["^ZPM", "%ZPM"]
		},
		// 7. UV
		{
			"index": 7,
			"startColor": "#FF480011-v25",
			"endColor": "#FFFF0000-v30",
			"bgStartColor": "#0D2723-v100",
			"bgEndColor": "#F8246B5E-v75",
			"selectors": ["^UV", "%UV"]
		}
	]
}