{
  "parent": "block/block",
  "textures": {
    "all": "ae2:block/molecular_assembler_lights"
  },
  "render_type": "cutout",
  "elements": [
    {
      "from": [2, 2, 2],
      "to": [14, 14, 14],
      "faces": {
        "down": {
          "texture": "#all",
          "uv": [2.6, 2.6, 13.4, 13.4],
          "cullface": "down",
          "neoforge_data": { "block_light": 15, "sky_light": 15 }
        },
        "up": {
          "texture": "#all",
          "uv": [2.6, 2.6, 13.4, 13.4],
          "cullface": "up",
          "neoforge_data": { "block_light": 15, "sky_light": 15 }
        },
        "north": {
          "texture": "#all",
          "uv": [2.6, 2.6, 13.4, 13.4],
          "cullface": "north",
          "neoforge_data": { "block_light": 15, "sky_light": 15 }
        },
        "south": {
          "texture": "#all",
          "uv": [2.6, 2.6, 13.4, 13.4],
          "cullface": "south",
          "neoforge_data": { "block_light": 15, "sky_light": 15 }
        },
        "west": {
          "texture": "#all",
          "uv": [2.6, 2.6, 13.4, 13.4],
          "cullface": "west",
          "neoforge_data": { "block_light": 15, "sky_light": 15 }
        },
        "east": {
          "texture": "#all",
          "uv": [2.6, 2.6, 13.4, 13.4],
          "cullface": "east",
          "neoforge_data": { "block_light": 15, "sky_light": 15 }
        }
      }
    }
  ]
}
